{
	"__comment": "Designed by HanFox with Cubik Studio - https://cubik.studio",
	"parent": "block/thin_block",
	"ambientocclusion": false,
	"textures": {
		"particle": "block/birch_trapdoor",
		"texture": "block/birch_trapdoor"
	},
	"elements": [ 	 
		{
			"__comment": "Box1",
			"from": [ 0, 13, 0 ],
			"to": [ 16, 16, 16 ],
			"faces": {
				"down": { "uv": [ 16, 0, 0, 16 ], "texture": "#texture" },
				"up": { "uv": [ 0, 0, 16, 16 ], "texture": "#texture", "cullface": "up", "rotation": 180 },
				"north": { "uv": [ 4, 0, 4.5, 3 ], "texture": "#texture", "cullface": "north" },
				"south": { "uv": [ 4, 0, 4.5, 3 ], "texture": "#texture", "cullface": "south" },
				"west": { "uv": [ 4, 0, 4.5, 3 ], "texture": "#texture", "cullface": "west" },
				"east": { "uv": [ 4, 0, 4.5, 3 ], "texture": "#texture", "cullface": "east" }
			}
		}
	]
}