{
	"__comment": "Designed by Sphax with Cubik Studio - https://cubik.studio",
	"ambientocclusion": false,
	"textures": {
		"particle": "#bottom",
		"bottom": "block/crimson_door_bottom"
	},
	"elements": [
		{
			"__comment": "Box1",
			"from": [ 0.5, 0, 0 ],
			"to": [ 2.5, 16, 16 ],
			"faces": {
				"down": { "uv": [ 0, 15.75, 16, 16 ], "texture": "#bottom", "rotation": 90 },
				"north": { "uv": [ 15.75, 0, 16, 16 ], "texture": "#bottom" },
				"south": { "uv": [ 0, 0, 0.25, 16 ], "texture": "#bottom" },
				"west": { "uv": [ 16, 0, 0, 16 ], "texture": "#bottom" },
				"east": { "uv": [ 0, 0, 16, 16 ], "texture": "#bottom" }
			}
		}
	]
}
