{
	"__comment": "Designed by HanFox with Cubik Studio - https://cubik.studio",
	"parent": "block/thin_block",
	"textures": {
		"particle": "block/dark_oak_trapdoor",
		"texture": "block/dark_oak_trapdoor"
	},
	"elements": [ 	 
		{
			"__comment": "Box1",
			"from": [ 0, 0, 0 ],
			"to": [ 16, 3, 16 ],
			"faces": {
				"down": { "uv": [ 0, 0, 16, 16 ], "texture": "#texture", "cullface": "down", "rotation": 270 },
				"up": { "uv": [ 0, 0, 16, 16 ], "texture": "#texture", "rotation": 180 },
				"north": { "uv": [ 2, 4, 0, 4.5 ], "texture": "#texture", "cullface": "north", "rotation": 90 },
				"south": { "uv": [ 2, 4.5, 0, 4 ], "texture": "#texture", "cullface": "south", "rotation": 90 },
				"west": { "uv": [ 2, 4, 0, 4.5 ], "texture": "#texture", "cullface": "west", "rotation": 90 },
				"east": { "uv": [ 0, 4, 2, 4.5 ], "texture": "#texture", "cullface": "east", "rotation": 270 }
			}
		}
	]
}