{
	"__comment": "Designed by HanFox with Cubik Studio - https://cubik.studio",
	"textures": {
		"particle": "block/candle",
		"all": "block/_bdc/candles_01"
	},
	"elements": [ 	 
		{
			"__comment": "Element",
			"from": [ 7, 0, 9 ],
			"to": [ 9, 3, 11 ],
			"faces": {
				"down": { "uv": [ 8, 14, 10, 16 ], "texture": "#all", "cullface": "down" },
				"up": { "uv": [ 8, 6, 10, 8 ], "texture": "#all" },
				"north": { "uv": [ 8, 8, 10, 11 ], "texture": "#all" },
				"south": { "uv": [ 8, 8, 10, 11 ], "texture": "#all" },
				"west": { "uv": [ 8, 8, 10, 11 ], "texture": "#all" },
				"east": { "uv": [ 8, 8, 10, 11 ], "texture": "#all" }
			}
		},
		{
			"__comment": "Element",
			"from": [ 7.5, 3, 10 ],
			"to": [ 8.5, 4, 10.001 ],
			"rotation": { "origin": [ 8, 3, 10 ], "axis": "y", "angle": 45 },
			"faces": {
				"north": { "uv": [ 0, 5, 1, 6 ], "texture": "#all" },
				"south": { "uv": [ 1, 5, 0, 6 ], "texture": "#all" }
			}
		},
		{
			"__comment": "Element",
			"from": [ 7.5, 3, 10 ],
			"to": [ 8.5, 4, 10.001 ],
			"rotation": { "origin": [ 8, 3, 10 ], "axis": "y", "angle": -45 },
			"faces": {
				"north": { "uv": [ 0, 5, 1, 6 ], "texture": "#all" },
				"south": { "uv": [ 1, 5, 0, 6 ], "texture": "#all" }
			}
		},
		{
			"__comment": "Element",
			"from": [ 5, 0, 7 ],
			"to": [ 7, 5, 9 ],
			"faces": {
				"down": { "uv": [ 8, 14, 10, 16 ], "texture": "#all", "cullface": "down" },
				"up": { "uv": [ 8, 6, 10, 8 ], "texture": "#all" },
				"north": { "uv": [ 8, 8, 10, 13 ], "texture": "#all" },
				"south": { "uv": [ 8, 8, 10, 13 ], "texture": "#all" },
				"west": { "uv": [ 8, 8, 10, 13 ], "texture": "#all" },
				"east": { "uv": [ 8, 8, 10, 13 ], "texture": "#all" }
			}
		},
		{
			"__comment": "Element",
			"from": [ 5.5, 5, 8 ],
			"to": [ 6.5, 6, 8.001 ],
			"rotation": { "origin": [ 6, 5, 8 ], "axis": "y", "angle": 45 },
			"faces": {
				"north": { "uv": [ 0, 5, 1, 6 ], "texture": "#all" },
				"south": { "uv": [ 1, 5, 0, 6 ], "texture": "#all" }
			}
		},
		{
			"__comment": "Element",
			"from": [ 5.5, 5, 8 ],
			"to": [ 6.5, 6, 8.001 ],
			"rotation": { "origin": [ 6, 5, 8 ], "axis": "y", "angle": -45 },
			"faces": {
				"north": { "uv": [ 0, 5, 1, 6 ], "texture": "#all" },
				"south": { "uv": [ 1, 5, 0, 6 ], "texture": "#all" }
			}
		},
		{
			"__comment": "Element",
			"from": [ 8, 0, 6 ],
			"to": [ 10, 6, 8 ],
			"faces": {
				"down": { "uv": [ 8, 14, 10, 16 ], "texture": "#all", "cullface": "down" },
				"up": { "uv": [ 8, 6, 10, 8 ], "texture": "#all" },
				"north": { "uv": [ 8, 8, 10, 14 ], "texture": "#all" },
				"south": { "uv": [ 8, 8, 10, 14 ], "texture": "#all" },
				"west": { "uv": [ 8, 8, 10, 14 ], "texture": "#all" },
				"east": { "uv": [ 8, 8, 10, 14 ], "texture": "#all" }
			}
		},
		{
			"__comment": "Element",
			"from": [ 8.5, 6, 7 ],
			"to": [ 9.5, 7, 7.001 ],
			"rotation": { "origin": [ 9, 6, 7 ], "axis": "y", "angle": 45 },
			"faces": {
				"north": { "uv": [ 0, 5, 1, 6 ], "texture": "#all" },
				"south": { "uv": [ 0, 5, 1, 6 ], "texture": "#all" }
			}
		},
		{
			"__comment": "Element",
			"from": [ 8.5, 6, 7 ],
			"to": [ 9.5, 7, 7.001 ],
			"rotation": { "origin": [ 9, 6, 7 ], "axis": "y", "angle": -45 },
			"faces": {
				"north": { "uv": [ 0, 5, 1, 6 ], "texture": "#all" },
				"south": { "uv": [ 0, 5, 1, 6 ], "texture": "#all" }
			}
		}
	]
}