{
	"__comment": "Designed by HanFox with Cubik Studio - https://cubik.studio",
	"textures": {
		"particle": "block/candle",
		"all": "block/_bdc/candles_02"
	},
	"elements": [ 	 
		{
			"from": [ 6, 0, 8 ],
			"to": [ 8, 3, 10 ],
			"faces": {
				"down": { "uv": [ 0, 14, 2, 16 ], "texture": "#all", "cullface": "down" },
				"up": { "uv": [ 0, 6, 2, 8 ], "texture": "#all" },
				"north": { "uv": [ 0, 8, 2, 11 ], "texture": "#all" },
				"south": { "uv": [ 0, 8, 2, 11 ], "texture": "#all" },
				"west": { "uv": [ 0, 8, 2, 11 ], "texture": "#all" },
				"east": { "uv": [ 0, 8, 2, 11 ], "texture": "#all" }
			}
		},
		{
			"from": [ 6.5, 3, 9 ],
			"to": [ 7.5, 4, 9 ],
			"rotation": { "origin": [ 7, 3, 9 ], "axis": "y", "angle": 45 },
			"faces": {
				"north": { "uv": [ 0, 5, 1, 6 ], "texture": "#all" },
				"south": { "uv": [ 1, 5, 0, 6 ], "texture": "#all" }
			}
		},
		{
			"from": [ 6.5, 3, 9 ],
			"to": [ 7.5, 4, 9 ],
			"rotation": { "origin": [ 7, 3, 9 ], "axis": "y", "angle": -45 },
			"faces": {
				"north": { "uv": [ 0, 5, 1, 6 ], "texture": "#all" },
				"south": { "uv": [ 1, 5, 0, 6 ], "texture": "#all" }
			}
		},
		{
			"from": [ 9, 0, 8 ],
			"to": [ 11, 5, 10 ],
			"faces": {
				"down": { "uv": [ 0, 14, 2, 16 ], "texture": "#all", "cullface": "down" },
				"up": { "uv": [ 0, 6, 2, 8 ], "texture": "#all" },
				"north": { "uv": [ 0, 8, 2, 13 ], "texture": "#all" },
				"south": { "uv": [ 0, 8, 2, 13 ], "texture": "#all" },
				"west": { "uv": [ 0, 8, 2, 13 ], "texture": "#all" },
				"east": { "uv": [ 0, 8, 2, 13 ], "texture": "#all" }
			}
		},
		{
			"from": [ 9.5, 5, 9 ],
			"to": [ 10.5, 6, 9 ],
			"rotation": { "origin": [ 10, 5, 9 ], "axis": "y", "angle": 45 },
			"faces": {
				"north": { "uv": [ 0, 5, 1, 6 ], "texture": "#all" },
				"south": { "uv": [ 1, 5, 0, 6 ], "texture": "#all" }
			}
		},
		{
			"from": [ 9.5, 5, 9 ],
			"to": [ 10.5, 6, 9 ],
			"rotation": { "origin": [ 10, 5, 9 ], "axis": "y", "angle": -45 },
			"faces": {
				"north": { "uv": [ 0, 5, 1, 6 ], "texture": "#all" },
				"south": { "uv": [ 1, 5, 0, 6 ], "texture": "#all" }
			}
		},
		{
			"from": [ 5, 0, 5 ],
			"to": [ 7, 5, 7 ],
			"faces": {
				"down": { "uv": [ 0, 14, 2, 16 ], "texture": "#all", "cullface": "down" },
				"up": { "uv": [ 0, 6, 2, 8 ], "texture": "#all" },
				"north": { "uv": [ 0, 8, 2, 13 ], "texture": "#all" },
				"south": { "uv": [ 0, 8, 2, 13 ], "texture": "#all" },
				"west": { "uv": [ 0, 8, 2, 13 ], "texture": "#all" },
				"east": { "uv": [ 0, 8, 2, 13 ], "texture": "#all" }
			}
		},
		{
			"from": [ 5.5, 5, 6 ],
			"to": [ 6.5, 6, 6 ],
			"rotation": { "origin": [ 6, 5, 6 ], "axis": "y", "angle": 45 },
			"faces": {
				"north": { "uv": [ 0, 5, 1, 6 ], "texture": "#all" },
				"south": { "uv": [ 1, 5, 0, 6 ], "texture": "#all" }
			}
		},
		{
			"from": [ 5.5, 5, 6 ],
			"to": [ 6.5, 6, 6 ],
			"rotation": { "origin": [ 6, 5, 6 ], "axis": "y", "angle": -45 },
			"faces": {
				"north": { "uv": [ 0, 5, 1, 6 ], "texture": "#all" },
				"south": { "uv": [ 1, 5, 0, 6 ], "texture": "#all" }
			}
		},
		{
			"from": [ 8, 0, 5 ],
			"to": [ 10, 6, 7 ],
			"faces": {
				"down": { "uv": [ 0, 14, 2, 16 ], "texture": "#all", "cullface": "down" },
				"up": { "uv": [ 0, 6, 2, 8 ], "texture": "#all" },
				"north": { "uv": [ 0, 8, 2, 14 ], "texture": "#all" },
				"south": { "uv": [ 0, 8, 2, 14 ], "texture": "#all" },
				"west": { "uv": [ 0, 8, 2, 14 ], "texture": "#all" },
				"east": { "uv": [ 0, 8, 2, 14 ], "texture": "#all" }
			}
		},
		{
			"from": [ 8.5, 6, 6 ],
			"to": [ 9.5, 7, 6 ],
			"rotation": { "origin": [ 9, 6, 6 ], "axis": "y", "angle": 45 },
			"faces": {
				"north": { "uv": [ 0, 5, 1, 6 ], "texture": "#all" },
				"south": { "uv": [ 0, 5, 1, 6 ], "texture": "#all" }
			}
		},
		{
			"from": [ 8.5, 6, 6 ],
			"to": [ 9.5, 7, 6 ],
			"rotation": { "origin": [ 9, 6, 6 ], "axis": "y", "angle": -45 },
			"faces": {
				"north": { "uv": [ 0, 5, 1, 6 ], "texture": "#all" },
				"south": { "uv": [ 0, 5, 1, 6 ], "texture": "#all" }
			}
		}
	]
}