{
	"__comment": "Designed by HanFox with Cubik Studio - https://cubik.studio",
	"ambientocclusion": false,
	"textures": {
		"particle": "block/mangrove_propagule",
		"sapling": "block/mangrove_propagule"
	},
	"elements": [ 	 
		{
			"__comment": "Element",
			"from": [ 4.5, 9, 8 ],
			"to": [ 11.5, 15, 8.001 ],
			"rotation": { "origin": [ 8, 0, 8 ], "axis": "y", "angle": 45, "rescale": true },
			"faces": {
				"north": { "uv": [ 4.5, 1, 11.5, 7 ], "texture": "#sapling" },
				"south": { "uv": [ 4.5, 1, 11.5, 7 ], "texture": "#sapling" }
			}
		},
		{
			"__comment": "Element",
			"from": [ 8, 9, 4.5 ],
			"to": [ 8.001, 15, 11.5 ],
			"rotation": { "origin": [ 8, 0, 8 ], "axis": "y", "angle": 45, "rescale": true },
			"faces": {
				"west": { "uv": [ 4.5, 1, 11.5, 7 ], "texture": "#sapling" },
				"east": { "uv": [ 4.5, 1, 11.5, 7 ], "texture": "#sapling" }
			}
		},
		{
			"__comment": "Element",
			"from": [ 8, 0, 7 ],
			"to": [ 8.001, 9, 9 ],
			"rotation": { "origin": [ 8, 0, 8 ], "axis": "y", "angle": 45, "rescale": true },
			"faces": {
				"west": { "uv": [ 7, 7, 9, 16 ], "texture": "#sapling" },
				"east": { "uv": [ 7, 7, 9, 16 ], "texture": "#sapling" }
			}
		},
		{
			"__comment": "Element",
			"from": [ 7, 0, 8 ],
			"to": [ 9, 9, 8.001 ],
			"rotation": { "origin": [ 8, 0, 8 ], "axis": "y", "angle": 45, "rescale": true },
			"faces": {
				"north": { "uv": [ 7, 7, 9, 16 ], "texture": "#sapling" },
				"south": { "uv": [ 7, 7, 9, 16 ], "texture": "#sapling" }
			}
		}
	]
}