{
	"__comment": "Designed by Eskimojo14 with Cubik Studio - https://cubik.studio",
	"parent": "block/thin_block",
	"textures": {
		"particle": "#texture",
		"texture": "block/mangrove_trapdoor",
		"inner": "block/_bdc/mangrove_trapdoor_inner"
	},
	"elements": [ 	 
		{
			"__comment": "Box9",
			"from": [ 0, 0, 13 ],
			"to": [ 16, 16, 16 ],
			"faces": {
				"down": { "uv": [ 7, 16, 6.5, 13.5 ], "texture": "#texture", "cullface": "down" },
				"up": { "uv": [ 6.5, 13.5, 7, 16 ], "texture": "#texture", "cullface": "up" },
				"north": { "uv": [ 16, 16, 0, 0 ], "texture": "#texture", "rotation": 180 },
				"south": { "uv": [ 0, 0, 16, 16 ], "texture": "#texture", "cullface": "south" },
				"west": { "uv": [ 6.5, 13.5, 7, 16 ], "texture": "#texture", "cullface": "west", "rotation": 270 },
				"east": { "uv": [ 6.5, 13.5, 7, 16 ], "texture": "#texture", "cullface": "east", "rotation": 90 }
			}
		},
		{
			"__comment": "innercorner",
			"from": [ 3, 11, 13.001 ],
			"to": [ 6, 12, 15.999 ],
			"rotation": { "origin": [ 6, 11, 13.001 ], "axis": "z", "angle": 45 },
			"faces": {
				"down": { "uv": [ 9.25, 12.25, 8.75, 11 ], "texture": "#texture" },
				"north": { "uv": [ 2.5, 5, 2.25, 4.75 ], "texture": "#texture", "rotation": 90 },
				"south": { "uv": [ 2.25, 4.75, 2.5, 5 ], "texture": "#texture", "rotation": 270 }
			}
		},
		{
			"__comment": "Box14",
			"from": [ 11, 6, 13 ],
			"to": [ 12, 10, 16 ],
			"faces": {
				"west": { "uv": [ 8.75, 11, 9.25, 12.25 ], "texture": "#texture", "rotation": 270 }
			}
		},
		{
			"__comment": "Box14",
			"from": [ 6, 11, 13 ],
			"to": [ 10, 12, 16 ],
			"faces": {
				"down": { "uv": [ 9.25, 12.25, 8.75, 11 ], "texture": "#texture" }
			}
		},
		{
			"__comment": "Box14",
			"from": [ 4, 6, 13 ],
			"to": [ 5, 10, 16 ],
			"faces": {
				"east": { "uv": [ 8.75, 11, 9.25, 12.25 ], "texture": "#texture", "rotation": 90 }
			}
		},
		{
			"__comment": "Box14",
			"from": [ 6, 4, 13 ],
			"to": [ 10, 5, 16 ],
			"faces": {
				"up": { "uv": [ 8.75, 11, 9.25, 12.25 ], "texture": "#texture" }
			}
		},
		{
			"__comment": "innercorner",
			"from": [ 11, 10, 13.001 ],
			"to": [ 12, 13, 15.999 ],
			"rotation": { "origin": [ 11, 10, 13.001 ], "axis": "z", "angle": 45 },
			"faces": {
				"north": { "uv": [ 2.5, 5, 2.25, 4.75 ], "texture": "#texture" },
				"south": { "uv": [ 2.25, 4.75, 2.5, 5 ], "texture": "#texture" },
				"west": { "uv": [ 8.75, 11, 9.25, 12.25 ], "texture": "#texture", "rotation": 270 }
			}
		},
		{
			"__comment": "innercorner",
			"from": [ 10, 4, 13.001 ],
			"to": [ 13, 5, 15.999 ],
			"rotation": { "origin": [ 10, 5, 13.001 ], "axis": "z", "angle": 45 },
			"faces": {
				"up": { "uv": [ 8.75, 11, 9.25, 12.25 ], "texture": "#texture" },
				"north": { "uv": [ 2.5, 5, 2.25, 4.75 ], "texture": "#texture", "rotation": 270 },
				"south": { "uv": [ 2.25, 4.75, 2.5, 5 ], "texture": "#texture", "rotation": 90 }
			}
		},
		{
			"__comment": "innercorner",
			"from": [ 4, 3, 13.001 ],
			"to": [ 5, 6, 15.999 ],
			"rotation": { "origin": [ 5, 6, 13.001 ], "axis": "z", "angle": 45 },
			"faces": {
				"north": { "uv": [ 2.5, 5, 2.25, 4.75 ], "texture": "#texture", "rotation": 180 },
				"south": { "uv": [ 2.25, 4.75, 2.5, 5 ], "texture": "#texture", "rotation": 180 },
				"east": { "uv": [ 8.75, 11, 9.25, 12.25 ], "texture": "#texture", "rotation": 90 }
			}
		}
	]
}