{
	"__comment": "Designed by HanFox with Cubik Studio - https://cubik.studio",
	"ambientocclusion": false,
	"textures": {
		"particle": "block/mangrove_door_bottom",
		"bottom": "block/mangrove_door_bottom",
		"top": "block/mangrove_door_top"
	},
	"elements": [ 	 
		{
			"__comment": "Element",
			"from": [ 0, 0, 0 ],
			"to": [ 3, 16, 16 ],
			"faces": {
				"down": { "uv": [ 8, 2, 7.5, 0 ], "texture": "#top", "cullface": "down", "rotation": 90 },
				"north": { "uv": [ 0, 0, 0.25, 16 ], "texture": "#bottom", "cullface": "north" },
				"south": { "uv": [ 8, 2, 7.5, 0 ], "texture": "#top", "cullface": "south", "rotation": 90 },
				"west": { "uv": [ 0, 0, 16, 16 ], "texture": "#bottom", "cullface": "west" },
				"east": { "uv": [ 16, 0, 0, 16 ], "texture": "#bottom" }
			}
		}
	]
}