{
	"__comment": "Designed by HanFox - http://bdcraft.net",
	"textures": {
		"particle": "minecraft:block/polished_blackstone",
		"texture": "minecraft:block/_bdc/switches"
	},
	"elements": [
		{
			"__comment": "Element",
			"from": [ 5, 0, 6 ],
			"to": [ 11, 1, 10 ],
			"faces": {
				"down": { "uv": [ 0, 10, 6, 14 ], "texture": "#texture", "cullface": "down" },
				"up": { "uv": [ 0, 10, 6, 14 ], "texture": "#texture", "rotation": 180 },
				"north": { "uv": [ 6, 15, 0, 14 ], "texture": "#texture", "rotation": 180 },
				"south": { "uv": [ 6, 16, 0, 15 ], "texture": "#texture" },
				"west": { "uv": [ 10, 14, 6, 15 ], "texture": "#texture" },
				"east": { "uv": [ 10, 15, 6, 16 ], "texture": "#texture", "rotation": 180 }
			}
		}
	]
}
