{
	"__comment": "Designed by HanFox - http://bdcraft.net",
	"textures": {
		"particle": "minecraft:block/smooth_stone",
		"texture": "minecraft:block/_bdc/switches"
	},
	"elements": [
		{
			"from": [ 5, 0, 6 ],
			"to": [ 11, 2, 10 ],
			"faces": {
				"down": { "uv": [ 10, 10, 16, 14 ], "texture": "#texture", "cullface": "down" },
				"up": { "uv": [ 10, 10, 16, 14 ], "texture": "#texture", "rotation": 180 },
				"north": { "uv": [ 16, 16, 10, 14 ], "texture": "#texture", "rotation": 180 },
				"south": { "uv": [ 16, 16, 10, 14 ], "texture": "#texture" },
				"west": { "uv": [ 10, 12, 6, 14 ], "texture": "#texture" },
				"east": { "uv": [ 10, 12, 6, 14 ], "texture": "#texture", "rotation": 180 }
			}
		}
	]
}
