{
"__comment": "Designed by the resident Inuit with BDcraft Cubik PRO 0.95 Beta - http://bdcraft.net",
"parent": "block/block",
"textures": {
    "texture": "block/_bdc/switches"
},
"elements": [ 
	{
		"from": [ 5, 6, 6 ],
		"to": [ 11, 10, 10 ],
		"faces": {
			"down":  { "uv": [ 16, 10, 10, 14 ], "texture": "#texture" },
			"up":    { "uv": [ 16, 14, 10, 10 ], "texture": "#texture" },
			"north": { "uv": [ 10, 10, 16, 14 ], "texture": "#texture" },
			"south": { "uv": [ 10, 10, 16, 14 ], "texture": "#texture" },
			"west":  { "uv": [ 10, 10, 16, 14 ], "texture": "#texture" },
			"east":  { "uv": [ 10, 10, 16, 14 ], "texture": "#texture" }
		}
	}
],
"display": {
        "thirdperson_righthand": {
            "rotation": [ 75, 45, 0 ],
            "translation": [ 0, 0.5, 0],
            "scale": [ 0.375, 0.375, 0.375 ]
        },
        "firstperson_righthand": {
            "rotation": [ 0, 145, 0 ],
            "translation": [ 0, 0, 0 ],
            "scale": [ 0.40, 0.40, 0.40 ]
        },
        "firstperson_lefthand": {
            "rotation": [ 0, 145, 0 ],
            "translation": [ 0, 0, 0 ],
            "scale": [ 0.40, 0.40, 0.40 ]
        }
    }
}