{
	"__comment": "Designed by HanFox with Cubik Studio - https://cubik.studio",
	"parent": "minecraft:block/block",
	"ambientocclusion": false,
	"textures": {
		"particle": "minecraft:block/flower_pot",
		"flowerpot": "minecraft:block/flower_pot",
		"dirt": "minecraft:block/dirt",
		"azalea_plant": "minecraft:block/azalea_plant"
	},
	"elements": [ 	 
		{
			"from": [ 4, 13.9, 4 ],
			"to": [ 12, 14, 12 ],
			"faces": {
				"down": { "uv": [ 0, 16, 16, 0 ], "texture": "#top" },
				"up": { "uv": [ 0, 0, 16, 16 ], "texture": "#top", "cullface": "up" }
			}
		},
		{
			"from": [ 4, 6, 4 ],
			"to": [ 12, 14, 4.001 ],
			"faces": {
				"north": { "uv": [ 0, 0, 16, 16 ], "texture": "#side" },
				"south": { "uv": [ 0, 0, 16, 16 ], "texture": "#side" }
			}
		},
		{
			"from": [ 4, 6, 12 ],
			"to": [ 12, 14, 12.001 ],
			"faces": {
				"north": { "uv": [ 0, 0, 16, 16 ], "texture": "#side" },
				"south": { "uv": [ 0, 0, 16, 16 ], "texture": "#side" }
			}
		},
		{
			"from": [ 4, 6, 4 ],
			"to": [ 4.001, 14, 12 ],
			"faces": {
				"west": { "uv": [ 0, 0, 16, 16 ], "texture": "#side" },
				"east": { "uv": [ 0, 0, 16, 16 ], "texture": "#side" }
			}
		},
		{
			"from": [ 12, 6, 4 ],
			"to": [ 12.001, 14, 12 ],
			"faces": {
				"west": { "uv": [ 0, 0, 16, 16 ], "texture": "#side" },
				"east": { "uv": [ 0, 0, 16, 16 ], "texture": "#side" }
			}
		},
		{
			"from": [ 2.6, 4, 8 ],
			"to": [ 13.4, 14, 8.001 ],
			"rotation": { "origin": [ 8, 4, 8 ], "axis": "y", "angle": 45 },
			"faces": {
				"north": { "uv": [ 0, 6, 15, 16 ], "texture": "#azalea_plant" },
				"south": { "uv": [ 15, 6, 0, 16 ], "texture": "#azalea_plant" }
			}
		},
		{
			"from": [ 8, 3.9479, 2.6 ],
			"to": [ 8.001, 13.9479, 13.4 ],
			"rotation": { "origin": [ 8, 4, 8 ], "axis": "y", "angle": 45 },
			"faces": {
				"west": { "uv": [ 0, 6, 15, 16 ], "texture": "#azalea_plant" },
				"east": { "uv": [ 15, 6, 0, 16 ], "texture": "#azalea_plant" }
			}
		},
		{
			"from": [ 5, 0, 5 ],
			"to": [ 6, 6, 11 ],
			"faces": {
				"down": { "uv": [ 5, 5, 6, 11 ], "texture": "#flowerpot", "cullface": "down" },
				"up": { "uv": [ 5, 5, 6, 11 ], "texture": "#flowerpot" },
				"north": { "uv": [ 10, 11, 11, 16 ], "texture": "#flowerpot" },
				"south": { "uv": [ 5, 11, 6, 16 ], "texture": "#flowerpot" },
				"west": { "uv": [ 5, 11, 11, 16 ], "texture": "#flowerpot" },
				"east": { "uv": [ 5, 11, 11, 16 ], "texture": "#flowerpot" }
			}
		},
		{
			"from": [ 10, 0, 5 ],
			"to": [ 11, 6, 11 ],
			"faces": {
				"down": { "uv": [ 10, 5, 11, 11 ], "texture": "#flowerpot", "cullface": "down" },
				"up": { "uv": [ 10, 5, 11, 11 ], "texture": "#flowerpot" },
				"north": { "uv": [ 5, 11, 6, 16 ], "texture": "#flowerpot" },
				"south": { "uv": [ 10, 11, 11, 16 ], "texture": "#flowerpot" },
				"west": { "uv": [ 5, 11, 11, 16 ], "texture": "#flowerpot" },
				"east": { "uv": [ 5, 11, 11, 16 ], "texture": "#flowerpot" }
			}
		},
		{
			"from": [ 6, 0, 5 ],
			"to": [ 10, 6, 6 ],
			"faces": {
				"down": { "uv": [ 6, 10, 10, 11 ], "texture": "#flowerpot", "cullface": "down" },
				"up": { "uv": [ 6, 5, 10, 6 ], "texture": "#flowerpot" },
				"north": { "uv": [ 6, 11, 10, 16 ], "texture": "#flowerpot" },
				"south": { "uv": [ 6, 11, 10, 16 ], "texture": "#flowerpot" }
			}
		},
		{
			"from": [ 6, 0, 10 ],
			"to": [ 10, 6, 11 ],
			"faces": {
				"down": { "uv": [ 6, 5, 10, 6 ], "texture": "#flowerpot", "cullface": "down" },
				"up": { "uv": [ 6, 10, 10, 11 ], "texture": "#flowerpot" },
				"north": { "uv": [ 6, 11, 10, 16 ], "texture": "#flowerpot" },
				"south": { "uv": [ 6, 11, 10, 16 ], "texture": "#flowerpot" }
			}
		},
		{
			"from": [ 6, 0, 6 ],
			"to": [ 10, 4, 10 ],
			"faces": {
				"up": { "uv": [ 6, 6, 10, 10 ], "texture": "#dirt" }
			}
		}
	]
}